date_id,full_date,year,month,quarter,day_of_week,is_weekend,is_month_end,week_number
20230101,2023-01-01,2023,January,Q1,Sunday,True,False,52
20230102,2023-01-02,2023,January,Q1,Monday,False,False,1
20230103,2023-01-03,2023,January,Q1,Tuesday,False,False,1
20230104,2023-01-04,2023,January,Q1,Wednesday,False,False,1
20230105,2023-01-05,2023,January,Q1,Thursday,False,False,1
20230106,2023-01-06,2023,January,Q1,Friday,False,False,1
20230107,2023-01-07,2023,January,Q1,Saturday,True,False,1
20230108,2023-01-08,2023,January,Q1,Sunday,True,False,1
20230109,2023-01-09,2023,January,Q1,Monday,False,False,2
20230110,2023-01-10,2023,January,Q1,Tuesday,False,False,2
20230111,2023-01-11,2023,January,Q1,Wednesday,False,False,2
20230112,2023-01-12,2023,January,Q1,Thursday,False,False,2
20230113,2023-01-13,2023,January,Q1,Friday,False,False,2
20230114,2023-01-14,2023,January,Q1,Saturday,True,False,2
20230115,2023-01-15,2023,January,Q1,Sunday,True,False,2
20230116,2023-01-16,2023,January,Q1,Monday,False,False,3
20230117,2023-01-17,2023,January,Q1,Tuesday,False,False,3
20230118,2023-01-18,2023,January,Q1,Wednesday,False,False,3
20230119,2023-01-19,2023,January,Q1,Thursday,False,False,3
20230120,2023-01-20,2023,January,Q1,Friday,False,False,3
20230121,2023-01-21,2023,January,Q1,Saturday,True,False,3
20230122,2023-01-22,2023,January,Q1,Sunday,True,False,3
20230123,2023-01-23,2023,January,Q1,Monday,False,False,4
20230124,2023-01-24,2023,January,Q1,Tuesday,False,False,4
20230125,2023-01-25,2023,January,Q1,Wednesday,False,False,4
20230126,2023-01-26,2023,January,Q1,Thursday,False,False,4
20230127,2023-01-27,2023,January,Q1,Friday,False,False,4
20230128,2023-01-28,2023,January,Q1,Saturday,True,False,4
20230129,2023-01-29,2023,January,Q1,Sunday,True,False,4
20230130,2023-01-30,2023,January,Q1,Monday,False,False,5
20230131,2023-01-31,2023,January,Q1,Tuesday,False,True,5
20230201,2023-02-01,2023,February,Q1,Wednesday,False,False,5
20230202,2023-02-02,2023,February,Q1,Thursday,False,False,5
20230203,2023-02-03,2023,February,Q1,Friday,False,False,5
20230204,2023-02-04,2023,February,Q1,Saturday,True,False,5
20230205,2023-02-05,2023,February,Q1,Sunday,True,False,5
20230206,2023-02-06,2023,February,Q1,Monday,False,False,6
20230207,2023-02-07,2023,February,Q1,Tuesday,False,False,6
20230208,2023-02-08,2023,February,Q1,Wednesday,False,False,6
20230209,2023-02-09,2023,February,Q1,Thursday,False,False,6
20230210,2023-02-10,2023,February,Q1,Friday,False,False,6
20230211,2023-02-11,2023,February,Q1,Saturday,True,False,6
20230212,2023-02-12,2023,February,Q1,Sunday,True,False,6
20230213,2023-02-13,2023,February,Q1,Monday,False,False,7
20230214,2023-02-14,2023,February,Q1,Tuesday,False,False,7
20230215,2023-02-15,2023,February,Q1,Wednesday,False,False,7
20230216,2023-02-16,2023,February,Q1,Thursday,False,False,7
20230217,2023-02-17,2023,February,Q1,Friday,False,False,7
20230218,2023-02-18,2023,February,Q1,Saturday,True,False,7
20230219,2023-02-19,2023,February,Q1,Sunday,True,False,7
20230220,2023-02-20,2023,February,Q1,Monday,False,False,8
20230221,2023-02-21,2023,February,Q1,Tuesday,False,False,8
20230222,2023-02-22,2023,February,Q1,Wednesday,False,False,8
20230223,2023-02-23,2023,February,Q1,Thursday,False,False,8
20230224,2023-02-24,2023,February,Q1,Friday,False,False,8
20230225,2023-02-25,2023,February,Q1,Saturday,True,False,8
20230226,2023-02-26,2023,February,Q1,Sunday,True,False,8
20230227,2023-02-27,2023,February,Q1,Monday,False,False,9
20230228,2023-02-28,2023,February,Q1,Tuesday,False,True,9
20230301,2023-03-01,2023,March,Q1,Wednesday,False,False,9
20230302,2023-03-02,2023,March,Q1,Thursday,False,False,9
20230303,2023-03-03,2023,March,Q1,Friday,False,False,9
20230304,2023-03-04,2023,March,Q1,Saturday,True,False,9
20230305,2023-03-05,2023,March,Q1,Sunday,True,False,9
20230306,2023-03-06,2023,March,Q1,Monday,False,False,10
20230307,2023-03-07,2023,March,Q1,Tuesday,False,False,10
20230308,2023-03-08,2023,March,Q1,Wednesday,False,False,10
20230309,2023-03-09,2023,March,Q1,Thursday,False,False,10
20230310,2023-03-10,2023,March,Q1,Friday,False,False,10
20230311,2023-03-11,2023,March,Q1,Saturday,True,False,10
20230312,2023-03-12,2023,March,Q1,Sunday,True,False,10
20230313,2023-03-13,2023,March,Q1,Monday,False,False,11
20230314,2023-03-14,2023,March,Q1,Tuesday,False,False,11
20230315,2023-03-15,2023,March,Q1,Wednesday,False,False,11
20230316,2023-03-16,2023,March,Q1,Thursday,False,False,11
20230317,2023-03-17,2023,March,Q1,Friday,False,False,11
20230318,2023-03-18,2023,March,Q1,Saturday,True,False,11
20230319,2023-03-19,2023,March,Q1,Sunday,True,False,11
20230320,2023-03-20,2023,March,Q1,Monday,False,False,12
20230321,2023-03-21,2023,March,Q1,Tuesday,False,False,12
20230322,2023-03-22,2023,March,Q1,Wednesday,False,False,12
20230323,2023-03-23,2023,March,Q1,Thursday,False,False,12
20230324,2023-03-24,2023,March,Q1,Friday,False,False,12
20230325,2023-03-25,2023,March,Q1,Saturday,True,False,12
20230326,2023-03-26,2023,March,Q1,Sunday,True,False,12
20230327,2023-03-27,2023,March,Q1,Monday,False,False,13
20230328,2023-03-28,2023,March,Q1,Tuesday,False,False,13
20230329,2023-03-29,2023,March,Q1,Wednesday,False,False,13
20230330,2023-03-30,2023,March,Q1,Thursday,False,False,13
20230331,2023-03-31,2023,March,Q1,Friday,False,True,13
20230401,2023-04-01,2023,April,Q2,Saturday,True,False,13
20230402,2023-04-02,2023,April,Q2,Sunday,True,False,13
20230403,2023-04-03,2023,April,Q2,Monday,False,False,14
20230404,2023-04-04,2023,April,Q2,Tuesday,False,False,14
20230405,2023-04-05,2023,April,Q2,Wednesday,False,False,14
20230406,2023-04-06,2023,April,Q2,Thursday,False,False,14
20230407,2023-04-07,2023,April,Q2,Friday,False,False,14
20230408,2023-04-08,2023,April,Q2,Saturday,True,False,14
20230409,2023-04-09,2023,April,Q2,Sunday,True,False,14
20230410,2023-04-10,2023,April,Q2,Monday,False,False,15
20230411,2023-04-11,2023,April,Q2,Tuesday,False,False,15
20230412,2023-04-12,2023,April,Q2,Wednesday,False,False,15
20230413,2023-04-13,2023,April,Q2,Thursday,False,False,15
20230414,2023-04-14,2023,April,Q2,Friday,False,False,15
20230415,2023-04-15,2023,April,Q2,Saturday,True,False,15
20230416,2023-04-16,2023,April,Q2,Sunday,True,False,15
20230417,2023-04-17,2023,April,Q2,Monday,False,False,16
20230418,2023-04-18,2023,April,Q2,Tuesday,False,False,16
20230419,2023-04-19,2023,April,Q2,Wednesday,False,False,16
20230420,2023-04-20,2023,April,Q2,Thursday,False,False,16
20230421,2023-04-21,2023,April,Q2,Friday,False,False,16
20230422,2023-04-22,2023,April,Q2,Saturday,True,False,16
20230423,2023-04-23,2023,April,Q2,Sunday,True,False,16
20230424,2023-04-24,2023,April,Q2,Monday,False,False,17
20230425,2023-04-25,2023,April,Q2,Tuesday,False,False,17
20230426,2023-04-26,2023,April,Q2,Wednesday,False,False,17
20230427,2023-04-27,2023,April,Q2,Thursday,False,False,17
20230428,2023-04-28,2023,April,Q2,Friday,False,False,17
20230429,2023-04-29,2023,April,Q2,Saturday,True,False,17
20230430,2023-04-30,2023,April,Q2,Sunday,True,True,17
20230501,2023-05-01,2023,May,Q2,Monday,False,False,18
20230502,2023-05-02,2023,May,Q2,Tuesday,False,False,18
20230503,2023-05-03,2023,May,Q2,Wednesday,False,False,18
20230504,2023-05-04,2023,May,Q2,Thursday,False,False,18
20230505,2023-05-05,2023,May,Q2,Friday,False,False,18
20230506,2023-05-06,2023,May,Q2,Saturday,True,False,18
20230507,2023-05-07,2023,May,Q2,Sunday,True,False,18
20230508,2023-05-08,2023,May,Q2,Monday,False,False,19
20230509,2023-05-09,2023,May,Q2,Tuesday,False,False,19
20230510,2023-05-10,2023,May,Q2,Wednesday,False,False,19
20230511,2023-05-11,2023,May,Q2,Thursday,False,False,19
20230512,2023-05-12,2023,May,Q2,Friday,False,False,19
20230513,2023-05-13,2023,May,Q2,Saturday,True,False,19
20230514,2023-05-14,2023,May,Q2,Sunday,True,False,19
20230515,2023-05-15,2023,May,Q2,Monday,False,False,20
20230516,2023-05-16,2023,May,Q2,Tuesday,False,False,20
20230517,2023-05-17,2023,May,Q2,Wednesday,False,False,20
20230518,2023-05-18,2023,May,Q2,Thursday,False,False,20
20230519,2023-05-19,2023,May,Q2,Friday,False,False,20
20230520,2023-05-20,2023,May,Q2,Saturday,True,False,20
20230521,2023-05-21,2023,May,Q2,Sunday,True,False,20
20230522,2023-05-22,2023,May,Q2,Monday,False,False,21
20230523,2023-05-23,2023,May,Q2,Tuesday,False,False,21
20230524,2023-05-24,2023,May,Q2,Wednesday,False,False,21
20230525,2023-05-25,2023,May,Q2,Thursday,False,False,21
20230526,2023-05-26,2023,May,Q2,Friday,False,False,21
20230527,2023-05-27,2023,May,Q2,Saturday,True,False,21
20230528,2023-05-28,2023,May,Q2,Sunday,True,False,21
20230529,2023-05-29,2023,May,Q2,Monday,False,False,22
20230530,2023-05-30,2023,May,Q2,Tuesday,False,False,22
20230531,2023-05-31,2023,May,Q2,Wednesday,False,True,22
20230601,2023-06-01,2023,June,Q2,Thursday,False,False,22
20230602,2023-06-02,2023,June,Q2,Friday,False,False,22
20230603,2023-06-03,2023,June,Q2,Saturday,True,False,22
20230604,2023-06-04,2023,June,Q2,Sunday,True,False,22
20230605,2023-06-05,2023,June,Q2,Monday,False,False,23
20230606,2023-06-06,2023,June,Q2,Tuesday,False,False,23
20230607,2023-06-07,2023,June,Q2,Wednesday,False,False,23
20230608,2023-06-08,2023,June,Q2,Thursday,False,False,23
20230609,2023-06-09,2023,June,Q2,Friday,False,False,23
20230610,2023-06-10,2023,June,Q2,Saturday,True,False,23
20230611,2023-06-11,2023,June,Q2,Sunday,True,False,23
20230612,2023-06-12,2023,June,Q2,Monday,False,False,24
20230613,2023-06-13,2023,June,Q2,Tuesday,False,False,24
20230614,2023-06-14,2023,June,Q2,Wednesday,False,False,24
20230615,2023-06-15,2023,June,Q2,Thursday,False,False,24
20230616,2023-06-16,2023,June,Q2,Friday,False,False,24
20230617,2023-06-17,2023,June,Q2,Saturday,True,False,24
20230618,2023-06-18,2023,June,Q2,Sunday,True,False,24
20230619,2023-06-19,2023,June,Q2,Monday,False,False,25
20230620,2023-06-20,2023,June,Q2,Tuesday,False,False,25
20230621,2023-06-21,2023,June,Q2,Wednesday,False,False,25
20230622,2023-06-22,2023,June,Q2,Thursday,False,False,25
20230623,2023-06-23,2023,June,Q2,Friday,False,False,25
20230624,2023-06-24,2023,June,Q2,Saturday,True,False,25
20230625,2023-06-25,2023,June,Q2,Sunday,True,False,25
20230626,2023-06-26,2023,June,Q2,Monday,False,False,26
20230627,2023-06-27,2023,June,Q2,Tuesday,False,False,26
20230628,2023-06-28,2023,June,Q2,Wednesday,False,False,26
20230629,2023-06-29,2023,June,Q2,Thursday,False,False,26
20230630,2023-06-30,2023,June,Q2,Friday,False,True,26
20230701,2023-07-01,2023,July,Q3,Saturday,True,False,26
20230702,2023-07-02,2023,July,Q3,Sunday,True,False,26
20230703,2023-07-03,2023,July,Q3,Monday,False,False,27
20230704,2023-07-04,2023,July,Q3,Tuesday,False,False,27
20230705,2023-07-05,2023,July,Q3,Wednesday,False,False,27
20230706,2023-07-06,2023,July,Q3,Thursday,False,False,27
20230707,2023-07-07,2023,July,Q3,Friday,False,False,27
20230708,2023-07-08,2023,July,Q3,Saturday,True,False,27
20230709,2023-07-09,2023,July,Q3,Sunday,True,False,27
20230710,2023-07-10,2023,July,Q3,Monday,False,False,28
20230711,2023-07-11,2023,July,Q3,Tuesday,False,False,28
20230712,2023-07-12,2023,July,Q3,Wednesday,False,False,28
20230713,2023-07-13,2023,July,Q3,Thursday,False,False,28
20230714,2023-07-14,2023,July,Q3,Friday,False,False,28
20230715,2023-07-15,2023,July,Q3,Saturday,True,False,28
20230716,2023-07-16,2023,July,Q3,Sunday,True,False,28
20230717,2023-07-17,2023,July,Q3,Monday,False,False,29
20230718,2023-07-18,2023,July,Q3,Tuesday,False,False,29
20230719,2023-07-19,2023,July,Q3,Wednesday,False,False,29
20230720,2023-07-20,2023,July,Q3,Thursday,False,False,29
20230721,2023-07-21,2023,July,Q3,Friday,False,False,29
20230722,2023-07-22,2023,July,Q3,Saturday,True,False,29
20230723,2023-07-23,2023,July,Q3,Sunday,True,False,29
20230724,2023-07-24,2023,July,Q3,Monday,False,False,30
20230725,2023-07-25,2023,July,Q3,Tuesday,False,False,30
20230726,2023-07-26,2023,July,Q3,Wednesday,False,False,30
20230727,2023-07-27,2023,July,Q3,Thursday,False,False,30
20230728,2023-07-28,2023,July,Q3,Friday,False,False,30
20230729,2023-07-29,2023,July,Q3,Saturday,True,False,30
20230730,2023-07-30,2023,July,Q3,Sunday,True,False,30
20230731,2023-07-31,2023,July,Q3,Monday,False,True,31
20230801,2023-08-01,2023,August,Q3,Tuesday,False,False,31
20230802,2023-08-02,2023,August,Q3,Wednesday,False,False,31
20230803,2023-08-03,2023,August,Q3,Thursday,False,False,31
20230804,2023-08-04,2023,August,Q3,Friday,False,False,31
20230805,2023-08-05,2023,August,Q3,Saturday,True,False,31
20230806,2023-08-06,2023,August,Q3,Sunday,True,False,31
20230807,2023-08-07,2023,August,Q3,Monday,False,False,32
20230808,2023-08-08,2023,August,Q3,Tuesday,False,False,32
20230809,2023-08-09,2023,August,Q3,Wednesday,False,False,32
20230810,2023-08-10,2023,August,Q3,Thursday,False,False,32
20230811,2023-08-11,2023,August,Q3,Friday,False,False,32
20230812,2023-08-12,2023,August,Q3,Saturday,True,False,32
20230813,2023-08-13,2023,August,Q3,Sunday,True,False,32
20230814,2023-08-14,2023,August,Q3,Monday,False,False,33
20230815,2023-08-15,2023,August,Q3,Tuesday,False,False,33
20230816,2023-08-16,2023,August,Q3,Wednesday,False,False,33
20230817,2023-08-17,2023,August,Q3,Thursday,False,False,33
20230818,2023-08-18,2023,August,Q3,Friday,False,False,33
20230819,2023-08-19,2023,August,Q3,Saturday,True,False,33
20230820,2023-08-20,2023,August,Q3,Sunday,True,False,33
20230821,2023-08-21,2023,August,Q3,Monday,False,False,34
20230822,2023-08-22,2023,August,Q3,Tuesday,False,False,34
20230823,2023-08-23,2023,August,Q3,Wednesday,False,False,34
20230824,2023-08-24,2023,August,Q3,Thursday,False,False,34
20230825,2023-08-25,2023,August,Q3,Friday,False,False,34
20230826,2023-08-26,2023,August,Q3,Saturday,True,False,34
20230827,2023-08-27,2023,August,Q3,Sunday,True,False,34
20230828,2023-08-28,2023,August,Q3,Monday,False,False,35
20230829,2023-08-29,2023,August,Q3,Tuesday,False,False,35
20230830,2023-08-30,2023,August,Q3,Wednesday,False,False,35
20230831,2023-08-31,2023,August,Q3,Thursday,False,True,35
20230901,2023-09-01,2023,September,Q3,Friday,False,False,35
20230902,2023-09-02,2023,September,Q3,Saturday,True,False,35
20230903,2023-09-03,2023,September,Q3,Sunday,True,False,35
20230904,2023-09-04,2023,September,Q3,Monday,False,False,36
20230905,2023-09-05,2023,September,Q3,Tuesday,False,False,36
20230906,2023-09-06,2023,September,Q3,Wednesday,False,False,36
20230907,2023-09-07,2023,September,Q3,Thursday,False,False,36
20230908,2023-09-08,2023,September,Q3,Friday,False,False,36
20230909,2023-09-09,2023,September,Q3,Saturday,True,False,36
20230910,2023-09-10,2023,September,Q3,Sunday,True,False,36
20230911,2023-09-11,2023,September,Q3,Monday,False,False,37
20230912,2023-09-12,2023,September,Q3,Tuesday,False,False,37
20230913,2023-09-13,2023,September,Q3,Wednesday,False,False,37
20230914,2023-09-14,2023,September,Q3,Thursday,False,False,37
20230915,2023-09-15,2023,September,Q3,Friday,False,False,37
20230916,2023-09-16,2023,September,Q3,Saturday,True,False,37
20230917,2023-09-17,2023,September,Q3,Sunday,True,False,37
20230918,2023-09-18,2023,September,Q3,Monday,False,False,38
20230919,2023-09-19,2023,September,Q3,Tuesday,False,False,38
20230920,2023-09-20,2023,September,Q3,Wednesday,False,False,38
20230921,2023-09-21,2023,September,Q3,Thursday,False,False,38
20230922,2023-09-22,2023,September,Q3,Friday,False,False,38
20230923,2023-09-23,2023,September,Q3,Saturday,True,False,38
20230924,2023-09-24,2023,September,Q3,Sunday,True,False,38
20230925,2023-09-25,2023,September,Q3,Monday,False,False,39
20230926,2023-09-26,2023,September,Q3,Tuesday,False,False,39
20230927,2023-09-27,2023,September,Q3,Wednesday,False,False,39
20230928,2023-09-28,2023,September,Q3,Thursday,False,False,39
20230929,2023-09-29,2023,September,Q3,Friday,False,False,39
20230930,2023-09-30,2023,September,Q3,Saturday,True,True,39
20231001,2023-10-01,2023,October,Q4,Sunday,True,False,39
20231002,2023-10-02,2023,October,Q4,Monday,False,False,40
20231003,2023-10-03,2023,October,Q4,Tuesday,False,False,40
20231004,2023-10-04,2023,October,Q4,Wednesday,False,False,40
20231005,2023-10-05,2023,October,Q4,Thursday,False,False,40
20231006,2023-10-06,2023,October,Q4,Friday,False,False,40
20231007,2023-10-07,2023,October,Q4,Saturday,True,False,40
20231008,2023-10-08,2023,October,Q4,Sunday,True,False,40
20231009,2023-10-09,2023,October,Q4,Monday,False,False,41
20231010,2023-10-10,2023,October,Q4,Tuesday,False,False,41
20231011,2023-10-11,2023,October,Q4,Wednesday,False,False,41
20231012,2023-10-12,2023,October,Q4,Thursday,False,False,41
20231013,2023-10-13,2023,October,Q4,Friday,False,False,41
20231014,2023-10-14,2023,October,Q4,Saturday,True,False,41
20231015,2023-10-15,2023,October,Q4,Sunday,True,False,41
20231016,2023-10-16,2023,October,Q4,Monday,False,False,42
20231017,2023-10-17,2023,October,Q4,Tuesday,False,False,42
20231018,2023-10-18,2023,October,Q4,Wednesday,False,False,42
20231019,2023-10-19,2023,October,Q4,Thursday,False,False,42
20231020,2023-10-20,2023,October,Q4,Friday,False,False,42
20231021,2023-10-21,2023,October,Q4,Saturday,True,False,42
20231022,2023-10-22,2023,October,Q4,Sunday,True,False,42
20231023,2023-10-23,2023,October,Q4,Monday,False,False,43
20231024,2023-10-24,2023,October,Q4,Tuesday,False,False,43
20231025,2023-10-25,2023,October,Q4,Wednesday,False,False,43
20231026,2023-10-26,2023,October,Q4,Thursday,False,False,43
20231027,2023-10-27,2023,October,Q4,Friday,False,False,43
20231028,2023-10-28,2023,October,Q4,Saturday,True,False,43
20231029,2023-10-29,2023,October,Q4,Sunday,True,False,43
20231030,2023-10-30,2023,October,Q4,Monday,False,False,44
20231031,2023-10-31,2023,October,Q4,Tuesday,False,True,44
20231101,2023-11-01,2023,November,Q4,Wednesday,False,False,44
20231102,2023-11-02,2023,November,Q4,Thursday,False,False,44
20231103,2023-11-03,2023,November,Q4,Friday,False,False,44
20231104,2023-11-04,2023,November,Q4,Saturday,True,False,44
20231105,2023-11-05,2023,November,Q4,Sunday,True,False,44
20231106,2023-11-06,2023,November,Q4,Monday,False,False,45
20231107,2023-11-07,2023,November,Q4,Tuesday,False,False,45
20231108,2023-11-08,2023,November,Q4,Wednesday,False,False,45
20231109,2023-11-09,2023,November,Q4,Thursday,False,False,45
20231110,2023-11-10,2023,November,Q4,Friday,False,False,45
20231111,2023-11-11,2023,November,Q4,Saturday,True,False,45
20231112,2023-11-12,2023,November,Q4,Sunday,True,False,45
20231113,2023-11-13,2023,November,Q4,Monday,False,False,46
20231114,2023-11-14,2023,November,Q4,Tuesday,False,False,46
20231115,2023-11-15,2023,November,Q4,Wednesday,False,False,46
20231116,2023-11-16,2023,November,Q4,Thursday,False,False,46
20231117,2023-11-17,2023,November,Q4,Friday,False,False,46
20231118,2023-11-18,2023,November,Q4,Saturday,True,False,46
20231119,2023-11-19,2023,November,Q4,Sunday,True,False,46
20231120,2023-11-20,2023,November,Q4,Monday,False,False,47
20231121,2023-11-21,2023,November,Q4,Tuesday,False,False,47
20231122,2023-11-22,2023,November,Q4,Wednesday,False,False,47
20231123,2023-11-23,2023,November,Q4,Thursday,False,False,47
20231124,2023-11-24,2023,November,Q4,Friday,False,False,47
20231125,2023-11-25,2023,November,Q4,Saturday,True,False,47
20231126,2023-11-26,2023,November,Q4,Sunday,True,False,47
20231127,2023-11-27,2023,November,Q4,Monday,False,False,48
20231128,2023-11-28,2023,November,Q4,Tuesday,False,False,48
20231129,2023-11-29,2023,November,Q4,Wednesday,False,False,48
20231130,2023-11-30,2023,November,Q4,Thursday,False,True,48
20231201,2023-12-01,2023,December,Q4,Friday,False,False,48
20231202,2023-12-02,2023,December,Q4,Saturday,True,False,48
20231203,2023-12-03,2023,December,Q4,Sunday,True,False,48
20231204,2023-12-04,2023,December,Q4,Monday,False,False,49
20231205,2023-12-05,2023,December,Q4,Tuesday,False,False,49
20231206,2023-12-06,2023,December,Q4,Wednesday,False,False,49
20231207,2023-12-07,2023,December,Q4,Thursday,False,False,49
20231208,2023-12-08,2023,December,Q4,Friday,False,False,49
20231209,2023-12-09,2023,December,Q4,Saturday,True,False,49
20231210,2023-12-10,2023,December,Q4,Sunday,True,False,49
20231211,2023-12-11,2023,December,Q4,Monday,False,False,50
20231212,2023-12-12,2023,December,Q4,Tuesday,False,False,50
20231213,2023-12-13,2023,December,Q4,Wednesday,False,False,50
20231214,2023-12-14,2023,December,Q4,Thursday,False,False,50
20231215,2023-12-15,2023,December,Q4,Friday,False,False,50
20231216,2023-12-16,2023,December,Q4,Saturday,True,False,50
20231217,2023-12-17,2023,December,Q4,Sunday,True,False,50
20231218,2023-12-18,2023,December,Q4,Monday,False,False,51
20231219,2023-12-19,2023,December,Q4,Tuesday,False,False,51
20231220,2023-12-20,2023,December,Q4,Wednesday,False,False,51
20231221,2023-12-21,2023,December,Q4,Thursday,False,False,51
20231222,2023-12-22,2023,December,Q4,Friday,False,False,51
20231223,2023-12-23,2023,December,Q4,Saturday,True,False,51
20231224,2023-12-24,2023,December,Q4,Sunday,True,False,51
20231225,2023-12-25,2023,December,Q4,Monday,False,False,52
20231226,2023-12-26,2023,December,Q4,Tuesday,False,False,52
20231227,2023-12-27,2023,December,Q4,Wednesday,False,False,52
20231228,2023-12-28,2023,December,Q4,Thursday,False,False,52
20231229,2023-12-29,2023,December,Q4,Friday,False,False,52
20231230,2023-12-30,2023,December,Q4,Saturday,True,False,52
20231231,2023-12-31,2023,December,Q4,Sunday,True,True,52
20240101,2024-01-01,2024,January,Q1,Monday,False,False,1
20240102,2024-01-02,2024,January,Q1,Tuesday,False,False,1
20240103,2024-01-03,2024,January,Q1,Wednesday,False,False,1
20240104,2024-01-04,2024,January,Q1,Thursday,False,False,1
20240105,2024-01-05,2024,January,Q1,Friday,False,False,1
20240106,2024-01-06,2024,January,Q1,Saturday,True,False,1
20240107,2024-01-07,2024,January,Q1,Sunday,True,False,1
20240108,2024-01-08,2024,January,Q1,Monday,False,False,2
20240109,2024-01-09,2024,January,Q1,Tuesday,False,False,2
20240110,2024-01-10,2024,January,Q1,Wednesday,False,False,2
20240111,2024-01-11,2024,January,Q1,Thursday,False,False,2
20240112,2024-01-12,2024,January,Q1,Friday,False,False,2
20240113,2024-01-13,2024,January,Q1,Saturday,True,False,2
20240114,2024-01-14,2024,January,Q1,Sunday,True,False,2
20240115,2024-01-15,2024,January,Q1,Monday,False,False,3
20240116,2024-01-16,2024,January,Q1,Tuesday,False,False,3
20240117,2024-01-17,2024,January,Q1,Wednesday,False,False,3
20240118,2024-01-18,2024,January,Q1,Thursday,False,False,3
20240119,2024-01-19,2024,January,Q1,Friday,False,False,3
20240120,2024-01-20,2024,January,Q1,Saturday,True,False,3
20240121,2024-01-21,2024,January,Q1,Sunday,True,False,3
20240122,2024-01-22,2024,January,Q1,Monday,False,False,4
20240123,2024-01-23,2024,January,Q1,Tuesday,False,False,4
20240124,2024-01-24,2024,January,Q1,Wednesday,False,False,4
20240125,2024-01-25,2024,January,Q1,Thursday,False,False,4
20240126,2024-01-26,2024,January,Q1,Friday,False,False,4
20240127,2024-01-27,2024,January,Q1,Saturday,True,False,4
20240128,2024-01-28,2024,January,Q1,Sunday,True,False,4
20240129,2024-01-29,2024,January,Q1,Monday,False,False,5
20240130,2024-01-30,2024,January,Q1,Tuesday,False,False,5
20240131,2024-01-31,2024,January,Q1,Wednesday,False,True,5
20240201,2024-02-01,2024,February,Q1,Thursday,False,False,5
20240202,2024-02-02,2024,February,Q1,Friday,False,False,5
20240203,2024-02-03,2024,February,Q1,Saturday,True,False,5
20240204,2024-02-04,2024,February,Q1,Sunday,True,False,5
20240205,2024-02-05,2024,February,Q1,Monday,False,False,6
20240206,2024-02-06,2024,February,Q1,Tuesday,False,False,6
20240207,2024-02-07,2024,February,Q1,Wednesday,False,False,6
20240208,2024-02-08,2024,February,Q1,Thursday,False,False,6
20240209,2024-02-09,2024,February,Q1,Friday,False,False,6
20240210,2024-02-10,2024,February,Q1,Saturday,True,False,6
20240211,2024-02-11,2024,February,Q1,Sunday,True,False,6
20240212,2024-02-12,2024,February,Q1,Monday,False,False,7
20240213,2024-02-13,2024,February,Q1,Tuesday,False,False,7
20240214,2024-02-14,2024,February,Q1,Wednesday,False,False,7
20240215,2024-02-15,2024,February,Q1,Thursday,False,False,7
20240216,2024-02-16,2024,February,Q1,Friday,False,False,7
20240217,2024-02-17,2024,February,Q1,Saturday,True,False,7
20240218,2024-02-18,2024,February,Q1,Sunday,True,False,7
20240219,2024-02-19,2024,February,Q1,Monday,False,False,8
20240220,2024-02-20,2024,February,Q1,Tuesday,False,False,8
20240221,2024-02-21,2024,February,Q1,Wednesday,False,False,8
20240222,2024-02-22,2024,February,Q1,Thursday,False,False,8
20240223,2024-02-23,2024,February,Q1,Friday,False,False,8
20240224,2024-02-24,2024,February,Q1,Saturday,True,False,8
20240225,2024-02-25,2024,February,Q1,Sunday,True,False,8
20240226,2024-02-26,2024,February,Q1,Monday,False,False,9
20240227,2024-02-27,2024,February,Q1,Tuesday,False,False,9
20240228,2024-02-28,2024,February,Q1,Wednesday,False,False,9
20240229,2024-02-29,2024,February,Q1,Thursday,False,True,9
20240301,2024-03-01,2024,March,Q1,Friday,False,False,9
20240302,2024-03-02,2024,March,Q1,Saturday,True,False,9
20240303,2024-03-03,2024,March,Q1,Sunday,True,False,9
20240304,2024-03-04,2024,March,Q1,Monday,False,False,10
20240305,2024-03-05,2024,March,Q1,Tuesday,False,False,10
20240306,2024-03-06,2024,March,Q1,Wednesday,False,False,10
20240307,2024-03-07,2024,March,Q1,Thursday,False,False,10
20240308,2024-03-08,2024,March,Q1,Friday,False,False,10
20240309,2024-03-09,2024,March,Q1,Saturday,True,False,10
20240310,2024-03-10,2024,March,Q1,Sunday,True,False,10
20240311,2024-03-11,2024,March,Q1,Monday,False,False,11
20240312,2024-03-12,2024,March,Q1,Tuesday,False,False,11
20240313,2024-03-13,2024,March,Q1,Wednesday,False,False,11
20240314,2024-03-14,2024,March,Q1,Thursday,False,False,11
20240315,2024-03-15,2024,March,Q1,Friday,False,False,11
20240316,2024-03-16,2024,March,Q1,Saturday,True,False,11
20240317,2024-03-17,2024,March,Q1,Sunday,True,False,11
20240318,2024-03-18,2024,March,Q1,Monday,False,False,12
20240319,2024-03-19,2024,March,Q1,Tuesday,False,False,12
20240320,2024-03-20,2024,March,Q1,Wednesday,False,False,12
20240321,2024-03-21,2024,March,Q1,Thursday,False,False,12
20240322,2024-03-22,2024,March,Q1,Friday,False,False,12
20240323,2024-03-23,2024,March,Q1,Saturday,True,False,12
20240324,2024-03-24,2024,March,Q1,Sunday,True,False,12
20240325,2024-03-25,2024,March,Q1,Monday,False,False,13
20240326,2024-03-26,2024,March,Q1,Tuesday,False,False,13
20240327,2024-03-27,2024,March,Q1,Wednesday,False,False,13
20240328,2024-03-28,2024,March,Q1,Thursday,False,False,13
20240329,2024-03-29,2024,March,Q1,Friday,False,False,13
20240330,2024-03-30,2024,March,Q1,Saturday,True,False,13
20240331,2024-03-31,2024,March,Q1,Sunday,True,True,13
20240401,2024-04-01,2024,April,Q2,Monday,False,False,14
20240402,2024-04-02,2024,April,Q2,Tuesday,False,False,14
20240403,2024-04-03,2024,April,Q2,Wednesday,False,False,14
20240404,2024-04-04,2024,April,Q2,Thursday,False,False,14
20240405,2024-04-05,2024,April,Q2,Friday,False,False,14
20240406,2024-04-06,2024,April,Q2,Saturday,True,False,14
20240407,2024-04-07,2024,April,Q2,Sunday,True,False,14
20240408,2024-04-08,2024,April,Q2,Monday,False,False,15
20240409,2024-04-09,2024,April,Q2,Tuesday,False,False,15
20240410,2024-04-10,2024,April,Q2,Wednesday,False,False,15
20240411,2024-04-11,2024,April,Q2,Thursday,False,False,15
20240412,2024-04-12,2024,April,Q2,Friday,False,False,15
20240413,2024-04-13,2024,April,Q2,Saturday,True,False,15
20240414,2024-04-14,2024,April,Q2,Sunday,True,False,15
20240415,2024-04-15,2024,April,Q2,Monday,False,False,16
20240416,2024-04-16,2024,April,Q2,Tuesday,False,False,16
20240417,2024-04-17,2024,April,Q2,Wednesday,False,False,16
20240418,2024-04-18,2024,April,Q2,Thursday,False,False,16
20240419,2024-04-19,2024,April,Q2,Friday,False,False,16
20240420,2024-04-20,2024,April,Q2,Saturday,True,False,16
20240421,2024-04-21,2024,April,Q2,Sunday,True,False,16
20240422,2024-04-22,2024,April,Q2,Monday,False,False,17
20240423,2024-04-23,2024,April,Q2,Tuesday,False,False,17
20240424,2024-04-24,2024,April,Q2,Wednesday,False,False,17
20240425,2024-04-25,2024,April,Q2,Thursday,False,False,17
20240426,2024-04-26,2024,April,Q2,Friday,False,False,17
20240427,2024-04-27,2024,April,Q2,Saturday,True,False,17
20240428,2024-04-28,2024,April,Q2,Sunday,True,False,17
20240429,2024-04-29,2024,April,Q2,Monday,False,False,18
20240430,2024-04-30,2024,April,Q2,Tuesday,False,True,18
20240501,2024-05-01,2024,May,Q2,Wednesday,False,False,18
20240502,2024-05-02,2024,May,Q2,Thursday,False,False,18
20240503,2024-05-03,2024,May,Q2,Friday,False,False,18
20240504,2024-05-04,2024,May,Q2,Saturday,True,False,18
20240505,2024-05-05,2024,May,Q2,Sunday,True,False,18
20240506,2024-05-06,2024,May,Q2,Monday,False,False,19
20240507,2024-05-07,2024,May,Q2,Tuesday,False,False,19
20240508,2024-05-08,2024,May,Q2,Wednesday,False,False,19
20240509,2024-05-09,2024,May,Q2,Thursday,False,False,19
20240510,2024-05-10,2024,May,Q2,Friday,False,False,19
20240511,2024-05-11,2024,May,Q2,Saturday,True,False,19
20240512,2024-05-12,2024,May,Q2,Sunday,True,False,19
20240513,2024-05-13,2024,May,Q2,Monday,False,False,20
20240514,2024-05-14,2024,May,Q2,Tuesday,False,False,20
20240515,2024-05-15,2024,May,Q2,Wednesday,False,False,20
20240516,2024-05-16,2024,May,Q2,Thursday,False,False,20
20240517,2024-05-17,2024,May,Q2,Friday,False,False,20
20240518,2024-05-18,2024,May,Q2,Saturday,True,False,20
20240519,2024-05-19,2024,May,Q2,Sunday,True,False,20
20240520,2024-05-20,2024,May,Q2,Monday,False,False,21
20240521,2024-05-21,2024,May,Q2,Tuesday,False,False,21
20240522,2024-05-22,2024,May,Q2,Wednesday,False,False,21
20240523,2024-05-23,2024,May,Q2,Thursday,False,False,21
20240524,2024-05-24,2024,May,Q2,Friday,False,False,21
20240525,2024-05-25,2024,May,Q2,Saturday,True,False,21
20240526,2024-05-26,2024,May,Q2,Sunday,True,False,21
20240527,2024-05-27,2024,May,Q2,Monday,False,False,22
20240528,2024-05-28,2024,May,Q2,Tuesday,False,False,22
20240529,2024-05-29,2024,May,Q2,Wednesday,False,False,22
20240530,2024-05-30,2024,May,Q2,Thursday,False,False,22
20240531,2024-05-31,2024,May,Q2,Friday,False,True,22
20240601,2024-06-01,2024,June,Q2,Saturday,True,False,22
20240602,2024-06-02,2024,June,Q2,Sunday,True,False,22
20240603,2024-06-03,2024,June,Q2,Monday,False,False,23
20240604,2024-06-04,2024,June,Q2,Tuesday,False,False,23
20240605,2024-06-05,2024,June,Q2,Wednesday,False,False,23
20240606,2024-06-06,2024,June,Q2,Thursday,False,False,23
20240607,2024-06-07,2024,June,Q2,Friday,False,False,23
20240608,2024-06-08,2024,June,Q2,Saturday,True,False,23
20240609,2024-06-09,2024,June,Q2,Sunday,True,False,23
20240610,2024-06-10,2024,June,Q2,Monday,False,False,24
20240611,2024-06-11,2024,June,Q2,Tuesday,False,False,24
20240612,2024-06-12,2024,June,Q2,Wednesday,False,False,24
20240613,2024-06-13,2024,June,Q2,Thursday,False,False,24
20240614,2024-06-14,2024,June,Q2,Friday,False,False,24
20240615,2024-06-15,2024,June,Q2,Saturday,True,False,24
20240616,2024-06-16,2024,June,Q2,Sunday,True,False,24
20240617,2024-06-17,2024,June,Q2,Monday,False,False,25
20240618,2024-06-18,2024,June,Q2,Tuesday,False,False,25
20240619,2024-06-19,2024,June,Q2,Wednesday,False,False,25
20240620,2024-06-20,2024,June,Q2,Thursday,False,False,25
20240621,2024-06-21,2024,June,Q2,Friday,False,False,25
20240622,2024-06-22,2024,June,Q2,Saturday,True,False,25
20240623,2024-06-23,2024,June,Q2,Sunday,True,False,25
20240624,2024-06-24,2024,June,Q2,Monday,False,False,26
20240625,2024-06-25,2024,June,Q2,Tuesday,False,False,26
20240626,2024-06-26,2024,June,Q2,Wednesday,False,False,26
20240627,2024-06-27,2024,June,Q2,Thursday,False,False,26
20240628,2024-06-28,2024,June,Q2,Friday,False,False,26
20240629,2024-06-29,2024,June,Q2,Saturday,True,False,26
20240630,2024-06-30,2024,June,Q2,Sunday,True,True,26
20240701,2024-07-01,2024,July,Q3,Monday,False,False,27
20240702,2024-07-02,2024,July,Q3,Tuesday,False,False,27
20240703,2024-07-03,2024,July,Q3,Wednesday,False,False,27
20240704,2024-07-04,2024,July,Q3,Thursday,False,False,27
20240705,2024-07-05,2024,July,Q3,Friday,False,False,27
20240706,2024-07-06,2024,July,Q3,Saturday,True,False,27
20240707,2024-07-07,2024,July,Q3,Sunday,True,False,27
20240708,2024-07-08,2024,July,Q3,Monday,False,False,28
20240709,2024-07-09,2024,July,Q3,Tuesday,False,False,28
20240710,2024-07-10,2024,July,Q3,Wednesday,False,False,28
20240711,2024-07-11,2024,July,Q3,Thursday,False,False,28
20240712,2024-07-12,2024,July,Q3,Friday,False,False,28
20240713,2024-07-13,2024,July,Q3,Saturday,True,False,28
20240714,2024-07-14,2024,July,Q3,Sunday,True,False,28
20240715,2024-07-15,2024,July,Q3,Monday,False,False,29
20240716,2024-07-16,2024,July,Q3,Tuesday,False,False,29
20240717,2024-07-17,2024,July,Q3,Wednesday,False,False,29
20240718,2024-07-18,2024,July,Q3,Thursday,False,False,29
20240719,2024-07-19,2024,July,Q3,Friday,False,False,29
20240720,2024-07-20,2024,July,Q3,Saturday,True,False,29
20240721,2024-07-21,2024,July,Q3,Sunday,True,False,29
20240722,2024-07-22,2024,July,Q3,Monday,False,False,30
20240723,2024-07-23,2024,July,Q3,Tuesday,False,False,30
20240724,2024-07-24,2024,July,Q3,Wednesday,False,False,30
20240725,2024-07-25,2024,July,Q3,Thursday,False,False,30
20240726,2024-07-26,2024,July,Q3,Friday,False,False,30
20240727,2024-07-27,2024,July,Q3,Saturday,True,False,30
20240728,2024-07-28,2024,July,Q3,Sunday,True,False,30
20240729,2024-07-29,2024,July,Q3,Monday,False,False,31
20240730,2024-07-30,2024,July,Q3,Tuesday,False,False,31
20240731,2024-07-31,2024,July,Q3,Wednesday,False,True,31
20240801,2024-08-01,2024,August,Q3,Thursday,False,False,31
20240802,2024-08-02,2024,August,Q3,Friday,False,False,31
20240803,2024-08-03,2024,August,Q3,Saturday,True,False,31
20240804,2024-08-04,2024,August,Q3,Sunday,True,False,31
20240805,2024-08-05,2024,August,Q3,Monday,False,False,32
20240806,2024-08-06,2024,August,Q3,Tuesday,False,False,32
20240807,2024-08-07,2024,August,Q3,Wednesday,False,False,32
20240808,2024-08-08,2024,August,Q3,Thursday,False,False,32
20240809,2024-08-09,2024,August,Q3,Friday,False,False,32
20240810,2024-08-10,2024,August,Q3,Saturday,True,False,32
20240811,2024-08-11,2024,August,Q3,Sunday,True,False,32
20240812,2024-08-12,2024,August,Q3,Monday,False,False,33
20240813,2024-08-13,2024,August,Q3,Tuesday,False,False,33
20240814,2024-08-14,2024,August,Q3,Wednesday,False,False,33
20240815,2024-08-15,2024,August,Q3,Thursday,False,False,33
20240816,2024-08-16,2024,August,Q3,Friday,False,False,33
20240817,2024-08-17,2024,August,Q3,Saturday,True,False,33
20240818,2024-08-18,2024,August,Q3,Sunday,True,False,33
20240819,2024-08-19,2024,August,Q3,Monday,False,False,34
20240820,2024-08-20,2024,August,Q3,Tuesday,False,False,34
20240821,2024-08-21,2024,August,Q3,Wednesday,False,False,34
20240822,2024-08-22,2024,August,Q3,Thursday,False,False,34
20240823,2024-08-23,2024,August,Q3,Friday,False,False,34
20240824,2024-08-24,2024,August,Q3,Saturday,True,False,34
20240825,2024-08-25,2024,August,Q3,Sunday,True,False,34
20240826,2024-08-26,2024,August,Q3,Monday,False,False,35
20240827,2024-08-27,2024,August,Q3,Tuesday,False,False,35
20240828,2024-08-28,2024,August,Q3,Wednesday,False,False,35
20240829,2024-08-29,2024,August,Q3,Thursday,False,False,35
20240830,2024-08-30,2024,August,Q3,Friday,False,False,35
20240831,2024-08-31,2024,August,Q3,Saturday,True,True,35
20240901,2024-09-01,2024,September,Q3,Sunday,True,False,35
20240902,2024-09-02,2024,September,Q3,Monday,False,False,36
20240903,2024-09-03,2024,September,Q3,Tuesday,False,False,36
20240904,2024-09-04,2024,September,Q3,Wednesday,False,False,36
20240905,2024-09-05,2024,September,Q3,Thursday,False,False,36
20240906,2024-09-06,2024,September,Q3,Friday,False,False,36
20240907,2024-09-07,2024,September,Q3,Saturday,True,False,36
20240908,2024-09-08,2024,September,Q3,Sunday,True,False,36
20240909,2024-09-09,2024,September,Q3,Monday,False,False,37
20240910,2024-09-10,2024,September,Q3,Tuesday,False,False,37
20240911,2024-09-11,2024,September,Q3,Wednesday,False,False,37
20240912,2024-09-12,2024,September,Q3,Thursday,False,False,37
20240913,2024-09-13,2024,September,Q3,Friday,False,False,37
20240914,2024-09-14,2024,September,Q3,Saturday,True,False,37
20240915,2024-09-15,2024,September,Q3,Sunday,True,False,37
20240916,2024-09-16,2024,September,Q3,Monday,False,False,38
20240917,2024-09-17,2024,September,Q3,Tuesday,False,False,38
20240918,2024-09-18,2024,September,Q3,Wednesday,False,False,38
20240919,2024-09-19,2024,September,Q3,Thursday,False,False,38
20240920,2024-09-20,2024,September,Q3,Friday,False,False,38
20240921,2024-09-21,2024,September,Q3,Saturday,True,False,38
20240922,2024-09-22,2024,September,Q3,Sunday,True,False,38
20240923,2024-09-23,2024,September,Q3,Monday,False,False,39
20240924,2024-09-24,2024,September,Q3,Tuesday,False,False,39
20240925,2024-09-25,2024,September,Q3,Wednesday,False,False,39
20240926,2024-09-26,2024,September,Q3,Thursday,False,False,39
20240927,2024-09-27,2024,September,Q3,Friday,False,False,39
20240928,2024-09-28,2024,September,Q3,Saturday,True,False,39
20240929,2024-09-29,2024,September,Q3,Sunday,True,False,39
20240930,2024-09-30,2024,September,Q3,Monday,False,True,40
20241001,2024-10-01,2024,October,Q4,Tuesday,False,False,40
20241002,2024-10-02,2024,October,Q4,Wednesday,False,False,40
20241003,2024-10-03,2024,October,Q4,Thursday,False,False,40
20241004,2024-10-04,2024,October,Q4,Friday,False,False,40
20241005,2024-10-05,2024,October,Q4,Saturday,True,False,40
20241006,2024-10-06,2024,October,Q4,Sunday,True,False,40
20241007,2024-10-07,2024,October,Q4,Monday,False,False,41
20241008,2024-10-08,2024,October,Q4,Tuesday,False,False,41
20241009,2024-10-09,2024,October,Q4,Wednesday,False,False,41
20241010,2024-10-10,2024,October,Q4,Thursday,False,False,41
20241011,2024-10-11,2024,October,Q4,Friday,False,False,41
20241012,2024-10-12,2024,October,Q4,Saturday,True,False,41
20241013,2024-10-13,2024,October,Q4,Sunday,True,False,41
20241014,2024-10-14,2024,October,Q4,Monday,False,False,42
20241015,2024-10-15,2024,October,Q4,Tuesday,False,False,42
20241016,2024-10-16,2024,October,Q4,Wednesday,False,False,42
20241017,2024-10-17,2024,October,Q4,Thursday,False,False,42
20241018,2024-10-18,2024,October,Q4,Friday,False,False,42
20241019,2024-10-19,2024,October,Q4,Saturday,True,False,42
20241020,2024-10-20,2024,October,Q4,Sunday,True,False,42
20241021,2024-10-21,2024,October,Q4,Monday,False,False,43
20241022,2024-10-22,2024,October,Q4,Tuesday,False,False,43
20241023,2024-10-23,2024,October,Q4,Wednesday,False,False,43
20241024,2024-10-24,2024,October,Q4,Thursday,False,False,43
20241025,2024-10-25,2024,October,Q4,Friday,False,False,43
20241026,2024-10-26,2024,October,Q4,Saturday,True,False,43
20241027,2024-10-27,2024,October,Q4,Sunday,True,False,43
20241028,2024-10-28,2024,October,Q4,Monday,False,False,44
20241029,2024-10-29,2024,October,Q4,Tuesday,False,False,44
20241030,2024-10-30,2024,October,Q4,Wednesday,False,False,44
20241031,2024-10-31,2024,October,Q4,Thursday,False,True,44
20241101,2024-11-01,2024,November,Q4,Friday,False,False,44
20241102,2024-11-02,2024,November,Q4,Saturday,True,False,44
20241103,2024-11-03,2024,November,Q4,Sunday,True,False,44
20241104,2024-11-04,2024,November,Q4,Monday,False,False,45
20241105,2024-11-05,2024,November,Q4,Tuesday,False,False,45
20241106,2024-11-06,2024,November,Q4,Wednesday,False,False,45
20241107,2024-11-07,2024,November,Q4,Thursday,False,False,45
20241108,2024-11-08,2024,November,Q4,Friday,False,False,45
20241109,2024-11-09,2024,November,Q4,Saturday,True,False,45
20241110,2024-11-10,2024,November,Q4,Sunday,True,False,45
20241111,2024-11-11,2024,November,Q4,Monday,False,False,46
20241112,2024-11-12,2024,November,Q4,Tuesday,False,False,46
20241113,2024-11-13,2024,November,Q4,Wednesday,False,False,46
20241114,2024-11-14,2024,November,Q4,Thursday,False,False,46
20241115,2024-11-15,2024,November,Q4,Friday,False,False,46
20241116,2024-11-16,2024,November,Q4,Saturday,True,False,46
20241117,2024-11-17,2024,November,Q4,Sunday,True,False,46
20241118,2024-11-18,2024,November,Q4,Monday,False,False,47
20241119,2024-11-19,2024,November,Q4,Tuesday,False,False,47
20241120,2024-11-20,2024,November,Q4,Wednesday,False,False,47
20241121,2024-11-21,2024,November,Q4,Thursday,False,False,47
20241122,2024-11-22,2024,November,Q4,Friday,False,False,47
20241123,2024-11-23,2024,November,Q4,Saturday,True,False,47
20241124,2024-11-24,2024,November,Q4,Sunday,True,False,47
20241125,2024-11-25,2024,November,Q4,Monday,False,False,48
20241126,2024-11-26,2024,November,Q4,Tuesday,False,False,48
20241127,2024-11-27,2024,November,Q4,Wednesday,False,False,48
20241128,2024-11-28,2024,November,Q4,Thursday,False,False,48
20241129,2024-11-29,2024,November,Q4,Friday,False,False,48
20241130,2024-11-30,2024,November,Q4,Saturday,True,True,48
20241201,2024-12-01,2024,December,Q4,Sunday,True,False,48
20241202,2024-12-02,2024,December,Q4,Monday,False,False,49
20241203,2024-12-03,2024,December,Q4,Tuesday,False,False,49
20241204,2024-12-04,2024,December,Q4,Wednesday,False,False,49
20241205,2024-12-05,2024,December,Q4,Thursday,False,False,49
20241206,2024-12-06,2024,December,Q4,Friday,False,False,49
20241207,2024-12-07,2024,December,Q4,Saturday,True,False,49
20241208,2024-12-08,2024,December,Q4,Sunday,True,False,49
20241209,2024-12-09,2024,December,Q4,Monday,False,False,50
20241210,2024-12-10,2024,December,Q4,Tuesday,False,False,50
20241211,2024-12-11,2024,December,Q4,Wednesday,False,False,50
20241212,2024-12-12,2024,December,Q4,Thursday,False,False,50
20241213,2024-12-13,2024,December,Q4,Friday,False,False,50
20241214,2024-12-14,2024,December,Q4,Saturday,True,False,50
20241215,2024-12-15,2024,December,Q4,Sunday,True,False,50
20241216,2024-12-16,2024,December,Q4,Monday,False,False,51
20241217,2024-12-17,2024,December,Q4,Tuesday,False,False,51
20241218,2024-12-18,2024,December,Q4,Wednesday,False,False,51
20241219,2024-12-19,2024,December,Q4,Thursday,False,False,51
20241220,2024-12-20,2024,December,Q4,Friday,False,False,51
20241221,2024-12-21,2024,December,Q4,Saturday,True,False,51
20241222,2024-12-22,2024,December,Q4,Sunday,True,False,51
20241223,2024-12-23,2024,December,Q4,Monday,False,False,52
20241224,2024-12-24,2024,December,Q4,Tuesday,False,False,52
20241225,2024-12-25,2024,December,Q4,Wednesday,False,False,52
20241226,2024-12-26,2024,December,Q4,Thursday,False,False,52
20241227,2024-12-27,2024,December,Q4,Friday,False,False,52
20241228,2024-12-28,2024,December,Q4,Saturday,True,False,52
20241229,2024-12-29,2024,December,Q4,Sunday,True,False,52
20241230,2024-12-30,2024,December,Q4,Monday,False,False,1
20241231,2024-12-31,2024,December,Q4,Tuesday,False,True,1
